residue,wt,pos,wt_pos,contact_residue,contact_wt,contact_pos,distance
MET,M,1,M1,HIS,H,3,4.769
MET,M,1,M1,ASP,D,80,6.255
VAL,V,2,V2,LEU,L,4,5.349
VAL,V,2,V2,LEU,L,79,5.855
VAL,V,2,V2,LEU,L,82,5.841
VAL,V,2,V2,VAL,V,134,5.555
VAL,V,2,V2,GLY,G,137,4.31
HIS,H,3,H3,MET,M,1,4.769
LEU,L,4,L4,VAL,V,2,5.349
LEU,L,4,L4,GLU,E,8,4.816
LEU,L,4,L4,LYS,K,9,5.721
LEU,L,4,L4,VAL,V,12,6.055
LEU,L,4,L4,LEU,L,79,5.878
LEU,L,4,L4,ALA,A,130,5.733
LEU,L,4,L4,LYS,K,133,5.348
LEU,L,4,L4,VAL,V,134,5.825
THR,T,5,T5,GLU,E,7,5.135
THR,T,5,T5,GLU,E,8,4.099
GLU,E,7,E7,THR,T,5,5.135
GLU,E,7,E7,SER,S,10,6.323
GLU,E,8,E8,LEU,L,4,4.816
GLU,E,8,E8,THR,T,5,4.099
GLU,E,8,E8,ALA,A,11,6.313
GLU,E,8,E8,ALA,A,130,4.151
GLU,E,8,E8,LYS,K,133,5.821
LYS,K,9,K9,LEU,L,4,5.721
LYS,K,9,K9,LEU,L,79,5.308
SER,S,10,S10,GLU,E,7,6.323
SER,S,10,S10,THR,T,13,6.223
SER,S,10,S10,ALA,A,14,5.736
ALA,A,11,A11,GLU,E,8,6.313
ALA,A,11,A11,ALA,A,14,5.56
ALA,A,11,A11,GLY,G,127,5.742
ALA,A,11,A11,ALA,A,130,6.206
VAL,V,12,V12,LEU,L,4,6.055
VAL,V,12,V12,LEU,L,76,6.053
VAL,V,12,V12,ALA,A,130,5.228
VAL,V,12,V12,TYR,Y,131,4.331
VAL,V,12,V12,VAL,V,134,5.255
THR,T,13,T13,SER,S,10,6.223
ALA,A,14,A14,SER,S,10,5.736
ALA,A,14,A14,ALA,A,11,5.56
LEU,L,15,L15,LYS,K,18,5.743
LEU,L,15,L15,LEU,L,115,6.363
LEU,L,15,L15,PHE,F,119,4.763
LEU,L,15,L15,PHE,F,123,5.773
LEU,L,15,L15,TYR,Y,131,5.949
TRP,W,16,W16,VAL,V,19,4.264
TRP,W,16,W16,VAL,V,21,6.428
TRP,W,16,W16,PHE,F,72,6.001
TRP,W,16,W16,SER,S,73,5.369
TRP,W,16,W16,LEU,L,76,4.922
GLY,G,17,G17,VAL,V,19,6.203
LYS,K,18,K18,LEU,L,15,5.743
LYS,K,18,K18,PHE,F,119,6.072
VAL,V,19,V19,TRP,W,16,4.264
VAL,V,19,V19,GLY,G,17,6.203
VAL,V,19,V19,VAL,V,21,5.863
VAL,V,19,V19,VAL,V,24,4.998
VAL,V,19,V19,LEU,L,115,5.726
VAL,V,19,V19,PHE,F,119,6.189
ASN,N,20,N20,ASP,D,22,5.778
ASN,N,20,N20,GLU,E,23,4.057
ASN,N,20,N20,VAL,V,24,6.161
VAL,V,21,V21,TRP,W,16,6.428
VAL,V,21,V21,VAL,V,19,5.863
VAL,V,21,V21,GLY,G,25,6.466
VAL,V,21,V21,LEU,L,69,5.85
VAL,V,21,V21,GLY,G,70,5.424
VAL,V,21,V21,SER,S,73,5.478
ASP,D,22,D22,ASN,N,20,5.778
ASP,D,22,D22,LYS,K,66,3.774
GLU,E,23,E23,ASN,N,20,4.057
GLU,E,23,E23,GLU,E,27,6.486
VAL,V,24,V24,VAL,V,19,4.998
VAL,V,24,V24,ASN,N,20,6.161
VAL,V,24,V24,GLU,E,27,5.966
VAL,V,24,V24,ALA,A,28,5.897
VAL,V,24,V24,LEU,L,69,6.445
VAL,V,24,V24,VAL,V,114,5.38
VAL,V,24,V24,LEU,L,115,5.874
VAL,V,24,V24,HIS,H,118,5.175
GLY,G,25,G25,VAL,V,21,6.466
GLY,G,25,G25,ALA,A,28,4.524
GLY,G,25,G25,GLY,G,65,4.221
GLY,G,25,G25,LEU,L,69,3.898
GLY,G,26,G26,ALA,A,28,5.866
GLY,G,26,G26,LEU,L,29,6.01
GLY,G,26,G26,GLY,G,30,5.994
GLY,G,26,G26,LYS,K,62,5.243
GLY,G,26,G26,GLY,G,65,4.207
GLU,E,27,E27,GLU,E,23,6.486
GLU,E,27,E27,VAL,V,24,5.966
GLU,E,27,E27,ARG,R,31,4.788
GLU,E,27,E27,MET,M,56,6.39
GLU,E,27,E27,VAL,V,114,4.537
GLU,E,27,E27,HIS,H,118,6.343
ALA,A,28,A28,VAL,V,24,5.897
ALA,A,28,A28,GLY,G,25,4.524
ALA,A,28,A28,GLY,G,26,5.866
ALA,A,28,A28,LEU,L,69,5.826
ALA,A,28,A28,LEU,L,107,6.125
ALA,A,28,A28,VAL,V,110,5.724
ALA,A,28,A28,LEU,L,111,4.931
ALA,A,28,A28,VAL,V,114,4.429
LEU,L,29,L29,GLY,G,26,6.01
LEU,L,29,L29,LEU,L,32,5.936
LEU,L,29,L29,LEU,L,33,5.323
LEU,L,29,L29,PHE,F,43,6.254
LEU,L,29,L29,VAL,V,61,5.31
LEU,L,29,L29,HIS,H,64,5.745
LEU,L,29,L29,GLY,G,65,4.3
LEU,L,29,L29,VAL,V,68,5.934
LEU,L,29,L29,LEU,L,107,6.132
GLY,G,30,G30,GLY,G,26,5.994
GLY,G,30,G30,LEU,L,33,4.999
GLY,G,30,G30,VAL,V,34,6.014
GLY,G,30,G30,VAL,V,55,5.256
GLY,G,30,G30,MET,M,56,4.812
GLY,G,30,G30,VAL,V,61,5.07
ARG,R,31,R31,GLU,E,27,4.788
ARG,R,31,R31,VAL,V,110,6.234
ARG,R,31,R31,VAL,V,114,5.08
LEU,L,32,L32,LEU,L,29,5.936
LEU,L,32,L32,TYR,Y,36,5.844
LEU,L,32,L32,THR,T,39,5.076
LEU,L,32,L32,LEU,L,107,4.306
LEU,L,32,L32,VAL,V,110,5.236
LEU,L,33,L33,LEU,L,29,5.323
LEU,L,33,L33,GLY,G,30,4.999
LEU,L,33,L33,THR,T,39,5.787
LEU,L,33,L33,GLN,Q,40,4.791
LEU,L,33,L33,PHE,F,43,5.358
LEU,L,33,L33,LEU,L,49,5.882
LEU,L,33,L33,VAL,V,55,5.27
LEU,L,33,L33,VAL,V,61,5.609
VAL,V,34,V34,GLY,G,30,6.014
VAL,V,34,V34,PRO,P,52,4.608
VAL,V,34,V34,VAL,V,55,5.159
VAL,V,34,V34,MET,M,56,6.237
VAL,V,35,V35,VAL,V,110,6.135
TYR,Y,36,Y36,LEU,L,32,5.844
TYR,Y,36,Y36,TRP,W,38,5.786
TYR,Y,36,Y36,THR,T,39,6.33
TYR,Y,36,Y36,LEU,L,106,4.531
PRO,P,37,P37,GLN,Q,40,5.503
TRP,W,38,W38,TYR,Y,36,5.786
THR,T,39,T39,LEU,L,32,5.076
THR,T,39,T39,LEU,L,33,5.787
THR,T,39,T39,TYR,Y,36,6.33
THR,T,39,T39,PHE,F,42,6.172
THR,T,39,T39,ASN,N,103,5.254
GLN,Q,40,Q40,LEU,L,33,4.791
GLN,Q,40,Q40,PRO,P,37,5.503
GLN,Q,40,Q40,LEU,L,49,4.967
GLN,Q,40,Q40,VAL,V,55,6.137
PHE,F,42,F42,THR,T,39,6.172
PHE,F,42,F42,VAL,V,99,4.657
PHE,F,42,F42,ASN,N,103,6.457
PHE,F,43,F43,LEU,L,29,6.254
PHE,F,43,F43,LEU,L,33,5.358
PHE,F,43,F43,PHE,F,46,5.022
PHE,F,43,F43,HIS,H,64,6.271
PHE,F,46,F46,PHE,F,43,5.022
PHE,F,46,F46,LYS,K,60,4.567
PHE,F,46,F46,VAL,V,61,5.689
PHE,F,46,F46,HIS,H,64,6.075
GLY,G,47,G47,LEU,L,49,5.852
GLY,G,47,G47,ASN,N,58,6.185
GLY,G,47,G47,LYS,K,60,6.293
ASP,D,48,D48,SER,S,50,4.774
ASP,D,48,D48,ALA,A,54,4.841
LEU,L,49,L49,LEU,L,33,5.882
LEU,L,49,L49,GLN,Q,40,4.967
LEU,L,49,L49,GLY,G,47,5.852
LEU,L,49,L49,VAL,V,55,4.756
LEU,L,49,L49,ASN,N,58,5.525
LEU,L,49,L49,VAL,V,61,6.279
SER,S,50,S50,ASP,D,48,4.774
SER,S,50,S50,ALA,A,54,5.35
THR,T,51,T51,ASP,D,53,5.756
THR,T,51,T51,ALA,A,54,4.297
PRO,P,52,P52,VAL,V,34,4.608
PRO,P,52,P52,VAL,V,55,6.287
ASP,D,53,D53,THR,T,51,5.756
ALA,A,54,A54,ASP,D,48,4.841
ALA,A,54,A54,SER,S,50,5.35
ALA,A,54,A54,THR,T,51,4.297
ALA,A,54,A54,GLY,G,57,6.36
ALA,A,54,A54,ASN,N,58,6.374
VAL,V,55,V55,GLY,G,30,5.256
VAL,V,55,V55,LEU,L,33,5.27
VAL,V,55,V55,VAL,V,34,5.159
VAL,V,55,V55,GLN,Q,40,6.137
VAL,V,55,V55,LEU,L,49,4.756
VAL,V,55,V55,PRO,P,52,6.287
VAL,V,55,V55,ASN,N,58,6.118
VAL,V,55,V55,VAL,V,61,5.744
MET,M,56,M56,GLU,E,27,6.39
MET,M,56,M56,GLY,G,30,4.812
MET,M,56,M56,VAL,V,34,6.237
GLY,G,57,G57,ALA,A,54,6.36
GLY,G,57,G57,LYS,K,62,5.35
ASN,N,58,N58,GLY,G,47,6.185
ASN,N,58,N58,LEU,L,49,5.525
ASN,N,58,N58,ALA,A,54,6.374
ASN,N,58,N58,VAL,V,55,6.118
ASN,N,58,N58,LYS,K,60,6.47
ASN,N,58,N58,VAL,V,61,4.54
PRO,P,59,P59,LYS,K,62,6.212
LYS,K,60,K60,PHE,F,46,4.567
LYS,K,60,K60,GLY,G,47,6.293
LYS,K,60,K60,ASN,N,58,6.47
VAL,V,61,V61,LEU,L,29,5.31
VAL,V,61,V61,GLY,G,30,5.07
VAL,V,61,V61,LEU,L,33,5.609
VAL,V,61,V61,PHE,F,46,5.689
VAL,V,61,V61,LEU,L,49,6.279
VAL,V,61,V61,VAL,V,55,5.744
VAL,V,61,V61,ASN,N,58,4.54
LYS,K,62,K62,GLY,G,26,5.243
LYS,K,62,K62,GLY,G,57,5.35
LYS,K,62,K62,PRO,P,59,6.212
ALA,A,63,A63,LYS,K,66,6.353
HIS,H,64,H64,LEU,L,29,5.745
HIS,H,64,H64,PHE,F,43,6.271
HIS,H,64,H64,PHE,F,46,6.075
HIS,H,64,H64,LYS,K,67,5.46
HIS,H,64,H64,VAL,V,68,5.82
GLY,G,65,G65,GLY,G,25,4.221
GLY,G,65,G65,GLY,G,26,4.207
GLY,G,65,G65,LEU,L,29,4.3
GLY,G,65,G65,VAL,V,68,4.804
GLY,G,65,G65,LEU,L,69,5.843
LYS,K,66,K66,ASP,D,22,3.774
LYS,K,66,K66,ALA,A,63,6.353
LYS,K,67,K67,HIS,H,64,5.46
VAL,V,68,V68,LEU,L,29,5.934
VAL,V,68,V68,HIS,H,64,5.82
VAL,V,68,V68,GLY,G,65,4.804
VAL,V,68,V68,ALA,A,71,5.926
VAL,V,68,V68,LEU,L,107,6.306
LEU,L,69,L69,VAL,V,21,5.85
LEU,L,69,L69,VAL,V,24,6.445
LEU,L,69,L69,GLY,G,25,3.898
LEU,L,69,L69,ALA,A,28,5.826
LEU,L,69,L69,GLY,G,65,5.843
LEU,L,69,L69,PHE,F,72,5.404
LEU,L,69,L69,LEU,L,111,5.456
GLY,G,70,G70,VAL,V,21,5.424
GLY,G,70,G70,SER,S,73,4.232
GLY,G,70,G70,ASP,D,74,5.797
ALA,A,71,A71,VAL,V,68,5.926
ALA,A,71,A71,ASP,D,74,5.299
ALA,A,71,A71,PHE,F,86,6.381
ALA,A,71,A71,LEU,L,89,5.832
PHE,F,72,F72,TRP,W,16,6.001
PHE,F,72,F72,LEU,L,69,5.404
PHE,F,72,F72,GLY,G,75,6.269
PHE,F,72,F72,LEU,L,76,5.192
PHE,F,72,F72,LEU,L,111,5.781
PHE,F,72,F72,VAL,V,138,5.211
SER,S,73,S73,TRP,W,16,5.369
SER,S,73,S73,VAL,V,21,5.478
SER,S,73,S73,GLY,G,70,4.232
SER,S,73,S73,LEU,L,76,5.81
ASP,D,74,D74,GLY,G,70,5.797
ASP,D,74,D74,ALA,A,71,5.299
ASP,D,74,D74,ALA,A,77,5.743
ASP,D,74,D74,HIS,H,78,6.365
ASP,D,74,D74,THR,T,85,6.436
GLY,G,75,G75,PHE,F,72,6.269
GLY,G,75,G75,ALA,A,77,5.57
GLY,G,75,G75,HIS,H,78,5.46
GLY,G,75,G75,LEU,L,79,6.253
GLY,G,75,G75,LEU,L,82,5.053
GLY,G,75,G75,THR,T,85,4.986
GLY,G,75,G75,PHE,F,86,5.164
GLY,G,75,G75,VAL,V,138,6.193
LEU,L,76,L76,VAL,V,12,6.053
LEU,L,76,L76,TRP,W,16,4.922
LEU,L,76,L76,PHE,F,72,5.192
LEU,L,76,L76,SER,S,73,5.81
LEU,L,76,L76,LEU,L,79,5.346
LEU,L,76,L76,VAL,V,134,5.706
ALA,A,77,A77,ASP,D,74,5.743
ALA,A,77,A77,GLY,G,75,5.57
HIS,H,78,H78,ASP,D,74,6.365
HIS,H,78,H78,GLY,G,75,5.46
HIS,H,78,H78,ASN,N,81,6.151
HIS,H,78,H78,THR,T,85,4.564
LEU,L,79,L79,VAL,V,2,5.855
LEU,L,79,L79,LEU,L,4,5.878
LEU,L,79,L79,LYS,K,9,5.308
LEU,L,79,L79,GLY,G,75,6.253
LEU,L,79,L79,LEU,L,76,5.346
LEU,L,79,L79,LEU,L,82,5.642
LEU,L,79,L79,VAL,V,134,5.602
ASP,D,80,D80,MET,M,1,6.255
ASN,N,81,N81,HIS,H,78,6.151
ASN,N,81,N81,GLY,G,84,4.654
ASN,N,81,N81,THR,T,85,5.62
LEU,L,82,L82,VAL,V,2,5.841
LEU,L,82,L82,GLY,G,75,5.053
LEU,L,82,L82,LEU,L,79,5.642
LEU,L,82,L82,THR,T,85,6.133
LEU,L,82,L82,PHE,F,86,5.707
LEU,L,82,L82,GLY,G,137,5.605
LEU,L,82,L82,VAL,V,138,5.337
LEU,L,82,L82,ALA,A,141,4.831
LYS,K,83,K83,ALA,A,141,5.208
LYS,K,83,K83,HIS,H,144,3.983
GLY,G,84,G84,ASN,N,81,4.654
GLY,G,84,G84,ALA,A,87,4.356
THR,T,85,T85,ASP,D,74,6.436
THR,T,85,T85,GLY,G,75,4.986
THR,T,85,T85,HIS,H,78,4.564
THR,T,85,T85,ASN,N,81,5.62
THR,T,85,T85,LEU,L,82,6.133
PHE,F,86,F86,ALA,A,71,6.381
PHE,F,86,F86,GLY,G,75,5.164
PHE,F,86,F86,LEU,L,82,5.707
PHE,F,86,F86,LEU,L,89,5.712
PHE,F,86,F86,VAL,V,138,5.716
PHE,F,86,F86,ALA,A,141,5.372
PHE,F,86,F86,LEU,L,142,4.943
ALA,A,87,A87,GLY,G,84,4.356
ALA,A,87,A87,SER,S,90,5.706
ALA,A,87,A87,GLU,E,91,6.044
ALA,A,87,A87,LYS,K,145,5.15
THR,T,88,T88,GLU,E,91,5.761
LEU,L,89,L89,ALA,A,71,5.832
LEU,L,89,L89,PHE,F,86,5.712
LEU,L,89,L89,LEU,L,92,6.112
LEU,L,89,L89,HIS,H,93,5.875
LEU,L,89,L89,LEU,L,142,6.158
SER,S,90,S90,ALA,A,87,5.706
SER,S,90,S90,HIS,H,93,6.425
SER,S,90,S90,CYS,C,94,6.394
SER,S,90,S90,LEU,L,142,5.492
SER,S,90,S90,ALA,A,143,6.322
SER,S,90,S90,HIS,H,144,6.487
SER,S,90,S90,LYS,K,145,5.405
SER,S,90,S90,TYR,Y,146,5.927
GLU,E,91,E91,ALA,A,87,6.044
GLU,E,91,E91,THR,T,88,5.761
GLU,E,91,E91,CYS,C,94,6.377
GLU,E,91,E91,ASP,D,95,5.94
GLU,E,91,E91,LYS,K,145,4.567
LEU,L,92,L92,LEU,L,89,6.112
LEU,L,92,L92,LYS,K,96,6.384
LEU,L,92,L92,LEU,L,97,5.211
HIS,H,93,H93,LEU,L,89,5.875
HIS,H,93,H93,SER,S,90,6.425
HIS,H,93,H93,LEU,L,97,5.08
HIS,H,93,H93,VAL,V,99,5.181
HIS,H,93,H93,PHE,F,104,6.061
HIS,H,93,H93,LEU,L,142,6.124
CYS,C,94,C94,SER,S,90,6.394
CYS,C,94,C94,GLU,E,91,6.377
CYS,C,94,C94,TYR,Y,146,3.796
CYS,C,94,C94,HIS,H,147,5.912
ASP,D,95,D95,GLU,E,91,5.94
LYS,K,96,K96,LEU,L,92,6.384
LEU,L,97,L97,LEU,L,92,5.211
LEU,L,97,L97,HIS,H,93,5.08
LEU,L,97,L97,VAL,V,99,5.791
VAL,V,99,V99,PHE,F,42,4.657
VAL,V,99,V99,HIS,H,93,5.181
VAL,V,99,V99,LEU,L,97,5.791
VAL,V,99,V99,ASN,N,103,5.7
VAL,V,99,V99,PHE,F,104,5.933
ASP,D,100,D100,GLU,E,102,5.952
ASP,D,100,D100,ASN,N,103,4.646
PRO,P,101,P101,PHE,F,104,5.931
PRO,P,101,P101,ALA,A,143,4.769
PRO,P,101,P101,TYR,Y,146,4.581
GLU,E,102,E102,ASP,D,100,5.952
GLU,E,102,E102,ARG,R,105,5.145
GLU,E,102,E102,LEU,L,106,5.26
ASN,N,103,N103,THR,T,39,5.254
ASN,N,103,N103,PHE,F,42,6.457
ASN,N,103,N103,VAL,V,99,5.7
ASN,N,103,N103,ASP,D,100,4.646
ASN,N,103,N103,LEU,L,106,5.816
PHE,F,104,F104,HIS,H,93,6.061
PHE,F,104,F104,VAL,V,99,5.933
PHE,F,104,F104,PRO,P,101,5.931
PHE,F,104,F104,ALA,A,139,5.626
PHE,F,104,F104,LEU,L,142,4.617
PHE,F,104,F104,ALA,A,143,5.72
ARG,R,105,R105,GLU,E,102,5.145
ARG,R,105,R105,ASN,N,109,5.224
LEU,L,106,L106,TYR,Y,36,4.531
LEU,L,106,L106,GLU,E,102,5.26
LEU,L,106,L106,ASN,N,103,5.816
LEU,L,106,L106,ASN,N,109,6.032
LEU,L,107,L107,ALA,A,28,6.125
LEU,L,107,L107,LEU,L,29,6.132
LEU,L,107,L107,LEU,L,32,4.306
LEU,L,107,L107,VAL,V,68,6.306
LEU,L,107,L107,VAL,V,110,5.86
GLY,G,108,G108,VAL,V,110,6.389
GLY,G,108,G108,LEU,L,111,5.328
GLY,G,108,G108,VAL,V,112,6.279
GLY,G,108,G108,VAL,V,135,3.907
GLY,G,108,G108,ALA,A,139,6.222
ASN,N,109,N109,ARG,R,105,5.224
ASN,N,109,N109,LEU,L,106,6.032
ASN,N,109,N109,VAL,V,112,6.408
VAL,V,110,V110,ALA,A,28,5.724
VAL,V,110,V110,ARG,R,31,6.234
VAL,V,110,V110,LEU,L,32,5.236
VAL,V,110,V110,VAL,V,35,6.135
VAL,V,110,V110,LEU,L,107,5.86
VAL,V,110,V110,GLY,G,108,6.389
VAL,V,110,V110,CYS,C,113,5.543
VAL,V,110,V110,VAL,V,114,6.472
LEU,L,111,L111,ALA,A,28,4.931
LEU,L,111,L111,LEU,L,69,5.456
LEU,L,111,L111,PHE,F,72,5.781
LEU,L,111,L111,GLY,G,108,5.328
LEU,L,111,L111,VAL,V,114,5.992
LEU,L,111,L111,LEU,L,115,5.108
LEU,L,111,L111,VAL,V,135,6.174
VAL,V,112,V112,GLY,G,108,6.279
VAL,V,112,V112,ASN,N,109,6.408
VAL,V,112,V112,LEU,L,115,6.18
VAL,V,112,V112,ALA,A,116,6.37
VAL,V,112,V112,GLN,Q,128,5.613
VAL,V,112,V112,TYR,Y,131,6.272
VAL,V,112,V112,GLN,Q,132,4.492
VAL,V,112,V112,VAL,V,135,5.356
CYS,C,113,C113,VAL,V,110,5.543
CYS,C,113,C113,ALA,A,116,5.702
VAL,V,114,V114,VAL,V,24,5.38
VAL,V,114,V114,GLU,E,27,4.537
VAL,V,114,V114,ALA,A,28,4.429
VAL,V,114,V114,ARG,R,31,5.08
VAL,V,114,V114,VAL,V,110,6.472
VAL,V,114,V114,LEU,L,111,5.992
VAL,V,114,V114,HIS,H,117,6.364
VAL,V,114,V114,HIS,H,118,5.675
LEU,L,115,L115,LEU,L,15,6.363
LEU,L,115,L115,VAL,V,19,5.726
LEU,L,115,L115,VAL,V,24,5.874
LEU,L,115,L115,LEU,L,111,5.108
LEU,L,115,L115,VAL,V,112,6.18
LEU,L,115,L115,PHE,F,119,5.985
LEU,L,115,L115,PHE,F,123,5.624
LEU,L,115,L115,TYR,Y,131,5.379
ALA,A,116,A116,VAL,V,112,6.37
ALA,A,116,A116,CYS,C,113,5.702
ALA,A,116,A116,GLY,G,120,6.241
ALA,A,116,A116,PHE,F,123,3.997
ALA,A,116,A116,GLN,Q,128,6.193
HIS,H,117,H117,VAL,V,114,6.364
HIS,H,118,H118,VAL,V,24,5.175
HIS,H,118,H118,GLU,E,27,6.343
HIS,H,118,H118,VAL,V,114,5.675
PHE,F,119,F119,LEU,L,15,4.763
PHE,F,119,F119,LYS,K,18,6.072
PHE,F,119,F119,VAL,V,19,6.189
PHE,F,119,F119,LEU,L,115,5.985
PHE,F,119,F119,GLU,E,122,5.826
PHE,F,119,F119,PHE,F,123,6.28
GLY,G,120,G120,ALA,A,116,6.241
GLY,G,120,G120,GLU,E,122,6.214
GLU,E,122,E122,PHE,F,119,5.826
GLU,E,122,E122,GLY,G,120,6.214
PHE,F,123,F123,LEU,L,15,5.773
PHE,F,123,F123,LEU,L,115,5.624
PHE,F,123,F123,ALA,A,116,3.997
PHE,F,123,F123,PHE,F,119,6.28
PHE,F,123,F123,GLY,G,127,5.716
PHE,F,123,F123,GLN,Q,128,5.509
PHE,F,123,F123,TYR,Y,131,6.24
THR,T,124,T124,PRO,P,126,5.312
THR,T,124,T124,GLY,G,127,5.316
PRO,P,125,P125,GLN,Q,128,6.218
PRO,P,126,P126,THR,T,124,5.312
PRO,P,126,P126,ALA,A,129,5.952
GLY,G,127,G127,ALA,A,11,5.742
GLY,G,127,G127,PHE,F,123,5.716
GLY,G,127,G127,THR,T,124,5.316
GLY,G,127,G127,ALA,A,129,5.626
GLY,G,127,G127,ALA,A,130,4.411
GLY,G,127,G127,TYR,Y,131,6.112
GLN,Q,128,Q128,VAL,V,112,5.613
GLN,Q,128,Q128,ALA,A,116,6.193
GLN,Q,128,Q128,PHE,F,123,5.509
GLN,Q,128,Q128,PRO,P,125,6.218
GLN,Q,128,Q128,GLN,Q,132,5.489
ALA,A,129,A129,PRO,P,126,5.952
ALA,A,129,A129,GLY,G,127,5.626
ALA,A,129,A129,GLN,Q,132,6.194
ALA,A,129,A129,LYS,K,133,6.213
ALA,A,130,A130,LEU,L,4,5.733
ALA,A,130,A130,GLU,E,8,4.151
ALA,A,130,A130,ALA,A,11,6.206
ALA,A,130,A130,VAL,V,12,5.228
ALA,A,130,A130,GLY,G,127,4.411
ALA,A,130,A130,LYS,K,133,5.372
TYR,Y,131,Y131,VAL,V,12,4.331
TYR,Y,131,Y131,LEU,L,15,5.949
TYR,Y,131,Y131,VAL,V,112,6.272
TYR,Y,131,Y131,LEU,L,115,5.379
TYR,Y,131,Y131,PHE,F,123,6.24
TYR,Y,131,Y131,GLY,G,127,6.112
TYR,Y,131,Y131,VAL,V,134,5.626
GLN,Q,132,Q132,VAL,V,112,4.492
GLN,Q,132,Q132,GLN,Q,128,5.489
GLN,Q,132,Q132,ALA,A,129,6.194
GLN,Q,132,Q132,VAL,V,135,5.684
LYS,K,133,K133,LEU,L,4,5.348
LYS,K,133,K133,GLU,E,8,5.821
LYS,K,133,K133,ALA,A,129,6.213
LYS,K,133,K133,ALA,A,130,5.372
VAL,V,134,V134,VAL,V,2,5.555
VAL,V,134,V134,LEU,L,4,5.825
VAL,V,134,V134,VAL,V,12,5.255
VAL,V,134,V134,LEU,L,76,5.706
VAL,V,134,V134,LEU,L,79,5.602
VAL,V,134,V134,TYR,Y,131,5.626
VAL,V,134,V134,GLY,G,137,6.43
VAL,V,134,V134,VAL,V,138,6.345
VAL,V,135,V135,GLY,G,108,3.907
VAL,V,135,V135,LEU,L,111,6.174
VAL,V,135,V135,VAL,V,112,5.356
VAL,V,135,V135,GLN,Q,132,5.684
VAL,V,135,V135,VAL,V,138,6.117
ALA,A,136,A136,ALA,A,139,5.565
ALA,A,136,A136,ASN,N,140,5.703
GLY,G,137,G137,VAL,V,2,4.31
GLY,G,137,G137,LEU,L,82,5.605
GLY,G,137,G137,VAL,V,134,6.43
GLY,G,137,G137,ALA,A,139,5.682
GLY,G,137,G137,ASN,N,140,4.434
GLY,G,137,G137,ALA,A,141,5.504
VAL,V,138,V138,PHE,F,72,5.211
VAL,V,138,V138,GLY,G,75,6.193
VAL,V,138,V138,LEU,L,82,5.337
VAL,V,138,V138,PHE,F,86,5.716
VAL,V,138,V138,VAL,V,134,6.345
VAL,V,138,V138,VAL,V,135,6.117
VAL,V,138,V138,ALA,A,141,5.711
VAL,V,138,V138,LEU,L,142,5.856
ALA,A,139,A139,PHE,F,104,5.626
ALA,A,139,A139,GLY,G,108,6.222
ALA,A,139,A139,ALA,A,136,5.565
ALA,A,139,A139,GLY,G,137,5.682
ALA,A,139,A139,LEU,L,142,6.072
ALA,A,139,A139,ALA,A,143,6.237
ASN,N,140,N140,ALA,A,136,5.703
ASN,N,140,N140,GLY,G,137,4.434
ASN,N,140,N140,ALA,A,143,6.32
ALA,A,141,A141,LEU,L,82,4.831
ALA,A,141,A141,LYS,K,83,5.208
ALA,A,141,A141,PHE,F,86,5.372
ALA,A,141,A141,GLY,G,137,5.504
ALA,A,141,A141,VAL,V,138,5.711
ALA,A,141,A141,HIS,H,144,6.144
LEU,L,142,L142,PHE,F,86,4.943
LEU,L,142,L142,LEU,L,89,6.158
LEU,L,142,L142,SER,S,90,5.492
LEU,L,142,L142,HIS,H,93,6.124
LEU,L,142,L142,PHE,F,104,4.617
LEU,L,142,L142,VAL,V,138,5.856
LEU,L,142,L142,ALA,A,139,6.072
ALA,A,143,A143,SER,S,90,6.322
ALA,A,143,A143,PRO,P,101,4.769
ALA,A,143,A143,PHE,F,104,5.72
ALA,A,143,A143,ALA,A,139,6.237
ALA,A,143,A143,ASN,N,140,6.32
ALA,A,143,A143,TYR,Y,146,4.812
HIS,H,144,H144,LYS,K,83,3.983
HIS,H,144,H144,SER,S,90,6.487
HIS,H,144,H144,ALA,A,141,6.144
LYS,K,145,K145,ALA,A,87,5.15
LYS,K,145,K145,SER,S,90,5.405
LYS,K,145,K145,GLU,E,91,4.567
TYR,Y,146,Y146,SER,S,90,5.927
TYR,Y,146,Y146,CYS,C,94,3.796
TYR,Y,146,Y146,PRO,P,101,4.581
TYR,Y,146,Y146,ALA,A,143,4.812
HIS,H,147,H147,CYS,C,94,5.912
